{
  "mae": 3.1437447216462107,
  "rmse": 4.530490891662698,
  "r2": 0.602412757178769
}