{
  "mae": 3.2208723743642005,
  "rmse": 4.582230513010303,
  "r2": 0.5912955574562189
}