{
  "mae": 2.879484649122807,
  "rmse": 4.208165705798209,
  "r2": 0.6569735701416171
}