{
  "mae": 3.1251335877862596,
  "rmse": 4.561269660525514,
  "r2": 0.5950261422147463
}